case_id,human_suitability_accuracy,machine_quality_alignment,human_misleading_accuracy,machine_risk_alignment
A01,0.9,0.5555555556,0.9166666667,0.4444444444
A02,0.8666666667,1.0,0.8666666667,1.0
A03,0.75,1.0,0.6166666667,0.6666666667
A04,0.9,1.0,0.9166666667,1.0
A05,0.9166666667,1.0,0.9333333333,1.0
A06,0.8333333333,1.0,0.85,1.0
A07,0.8833333333,1.0,0.8833333333,1.0
A08,0.9333333333,1.0,0.8666666667,1.0
