{
  "fallback_used": true,
  "fixed_design_columns": 13,
  "fixed_design_rank": 13,
  "formula": "human_z ~ api_z + C(domain) + C(task) + C(dimension)",
  "model": "respondent-level crossed variance-component linear mixed model",
  "n_domain_concept_clusters": 30,
  "n_raters": 18,
  "n_rows": 3840,
  "n_stimuli": 178,
  "objective_fallback_reasons": [
    "optimizer log-likelihood range is unavailable or exceeds 1e-4"
  ],
  "optimizer_log_likelihood_range": 0.0012261336996743921,
  "optimizer_slope_range": 0.0001852336677942712,
  "optimizers": [
    {
      "all_fixed_coefficients_and_se_finite": true,
      "api_z_p": 2.197657843661707e-06,
      "api_z_se": 0.040351665757471136,
      "api_z_slope": 0.19103862715515757,
      "boundary_variance_component_lt_1e_8": false,
      "converged": true,
      "fixed_coefficients": {
        "C(dimension)[T.fa]": 0.026635837688344467,
        "C(dimension)[T.lc]": 0.0351269759268803,
        "C(dimension)[T.mq]": 0.20330023290143243,
        "C(dimension)[T.risk]": -0.010212972485161636,
        "C(dimension)[T.tf]": 0.023055699161228172,
        "C(domain)[T.Chemistry]": 0.20558277345463524,
        "C(domain)[T.Climate/Environment]": 0.40584266883384146,
        "C(domain)[T.Geoscience]": 0.7459068856169748,
        "C(domain)[T.Physics]": -0.10324335965877865,
        "C(task)[T.B]": 0.1958312999782718,
        "C(task)[T.C]": 0.6570284365180464,
        "Intercept": -0.5875521762357859,
        "api_z": 0.19103862715515757
      },
      "fixed_standard_errors": {
        "C(dimension)[T.fa]": 0.08228103485566417,
        "C(dimension)[T.lc]": 0.08229094579453497,
        "C(dimension)[T.mq]": 0.08228447368754094,
        "C(dimension)[T.risk]": 0.08228017548301143,
        "C(dimension)[T.tf]": 0.0822830466170905,
        "C(domain)[T.Chemistry]": 0.7811845940950397,
        "C(domain)[T.Climate/Environment]": 0.6421668021149419,
        "C(domain)[T.Geoscience]": 0.6422694201879262,
        "C(domain)[T.Physics]": 0.6425831181139078,
        "C(task)[T.B]": 0.12076287087254399,
        "C(task)[T.C]": 0.11383738636819206,
        "Intercept": 0.46241692570067255,
        "api_z": 0.040351665757471136
      },
      "hessian_abs_condition_number": 283189.45653470734,
      "hessian_available": true,
      "hessian_eigenvalue_max": -2.0415374451855777,
      "hessian_eigenvalue_min": -578141.8795973586,
      "hessian_singular_flag": false,
      "log_likelihood": -7091.324930346656,
      "optimizer": "lbfgs",
      "residual_scale": 2.1662998680168775,
      "success": true,
      "variance_components": [
        0.0028170730977012722,
        0.7820861571955828,
        0.2736643302573516
      ],
      "warnings": [
        "The MLE may be on the boundary of the parameter space."
      ]
    },
    {
      "all_fixed_coefficients_and_se_finite": true,
      "api_z_p": 2.2423014587470904e-06,
      "api_z_se": 0.040347318855989,
      "api_z_slope": 0.1908533934873633,
      "boundary_variance_component_lt_1e_8": false,
      "converged": true,
      "fixed_coefficients": {
        "C(dimension)[T.fa]": 0.02663902339600956,
        "C(dimension)[T.lc]": 0.03513364821079672,
        "C(dimension)[T.mq]": 0.20330493119483864,
        "C(dimension)[T.risk]": -0.010210295048499981,
        "C(dimension)[T.tf]": 0.023059837407990724,
        "C(domain)[T.Chemistry]": 0.20560344559335555,
        "C(domain)[T.Climate/Environment]": 0.40578143414694356,
        "C(domain)[T.Geoscience]": 0.7458260946392171,
        "C(domain)[T.Physics]": -0.10319315804804713,
        "C(task)[T.B]": 0.19566703707087185,
        "C(task)[T.C]": 0.6569330438384919,
        "Intercept": -0.5874357118214074,
        "api_z": 0.1908533934873633
      },
      "fixed_standard_errors": {
        "C(dimension)[T.fa]": 0.08228071817053605,
        "C(dimension)[T.lc]": 0.08229062701246244,
        "C(dimension)[T.mq]": 0.08228415627480086,
        "C(dimension)[T.risk]": 0.08227985897972002,
        "C(dimension)[T.tf]": 0.08228272950629628,
        "C(domain)[T.Chemistry]": 0.7813966927840699,
        "C(domain)[T.Climate/Environment]": 0.6422713441938007,
        "C(domain)[T.Geoscience]": 0.6423739234637746,
        "C(domain)[T.Physics]": 0.6426866208499123,
        "C(task)[T.B]": 0.12087507729876128,
        "C(task)[T.C]": 0.11395595045351344,
        "Intercept": 0.4624992142970492,
        "api_z": 0.040347318855989
      },
      "hessian_abs_condition_number": 282359.9301316074,
      "hessian_available": true,
      "hessian_eigenvalue_max": -2.037840352417038,
      "hessian_eigenvalue_min": -575404.459527845,
      "hessian_singular_flag": false,
      "log_likelihood": -7091.326156480356,
      "optimizer": "powell",
      "residual_scale": 2.166283224656229,
      "success": true,
      "variance_components": [
        0.001902777263977246,
        0.7828746728153735,
        0.2744718492085942
      ],
      "warnings": [
        "The MLE may be on the boundary of the parameter space."
      ]
    }
  ],
  "release_packaging_note": "Absolute local paths and credential/payload-shaped fields were sanitized. See manifests/source_to_release_map.csv for source and release hashes.",
  "stable_for_primary_inference": false,
  "top_level_group": "single constant group",
  "variance_components": {
    "domain_concept": "0 + C(domain_concept)",
    "rater": "0 + C(participant_id)",
    "stimulus": "0 + C(stimulus_signature_sha256)"
  }
}
