case_id,machine_quality_alignment,machine_risk_alignment,machine_both_alignment,n_machine_judges,human_suitability_accuracy,human_misleading_accuracy,human_logical_consistency,n_human_respondents,pair_exact_match,crosswalk_status
A01,0.5555555556,0.4444444444,0.3333333333,9,0.9,0.9166666667,1,60,1,PASS_EXACT
A02,1,1,1,9,0.8666666667,0.8666666667,0.9642857143,60,1,PASS_EXACT
A03,1,0.6666666667,0.6666666667,9,0.75,0.6166666667,0.9574468085,60,1,PASS_EXACT
A04,1,1,1,9,0.9,0.9166666667,0.9821428571,60,1,PASS_EXACT
A05,1,1,1,9,0.9166666667,0.9333333333,0.9655172414,60,1,PASS_EXACT
A06,1,1,1,9,0.8333333333,0.85,0.9642857143,60,1,PASS_EXACT
A07,1,1,1,9,0.8833333333,0.8833333333,0.9821428571,60,1,PASS_EXACT
A08,1,1,1,9,0.9333333333,0.8666666667,0.9649122807,60,0,FAIL_EXACT_TEXT
